{"cameraMode":{"drawMode":0,"name":"Shaded","section":"Shading Mode"},"sceneLighting":false,"audioPlay":false,"sceneViewState":{"showFog":true,"showMaterialUpdate":true,"showSkybox":false,"showFlares":true,"showImageEffects":true,"showParticleSystems":true},"in2DMode":false,"pivot":{"x":0.19599080085754395,"y":0.4940967559814453,"z":-0.10791182518005371},"rotation":{"x":-0.05518317595124245,"y":-0.7526939511299133,"z":0.06360999494791031,"w":-0.6529763340950012},"size":1.5000174045562745,"orthographic":false}