{"cameraMode":{"drawMode":0,"name":"Shaded","section":"Shading Mode"},"sceneLighting":false,"audioPlay":false,"sceneViewState":{"showFog":true,"showMaterialUpdate":true,"showSkybox":false,"showFlares":true,"showImageEffects":true,"showParticleSystems":true},"in2DMode":false,"pivot":{"x":-0.1299719512462616,"y":0.7636479735374451,"z":0.5346521139144898},"rotation":{"x":-0.15115225315093995,"y":0.0314117968082428,"z":-0.004804057534784079,"w":-0.9880086183547974},"size":1.5595121383666993,"orthographic":false}