{"cameraMode":{"drawMode":0,"name":"Shaded","section":"Shading Mode"},"sceneLighting":false,"audioPlay":false,"sceneViewState":{"showFog":true,"showMaterialUpdate":true,"showSkybox":false,"showFlares":true,"showImageEffects":true,"showParticleSystems":true},"in2DMode":false,"pivot":{"x":3.304161310195923,"y":-0.5527666807174683,"z":-1.5644309520721436},"rotation":{"x":-0.03956487774848938,"y":-0.7787896990776062,"z":0.04937049746513367,"w":-0.6241004467010498},"size":3.6750097274780275,"orthographic":false}