{"cameraMode":{"drawMode":0,"name":"Shaded","section":"Shading Mode"},"sceneLighting":false,"audioPlay":false,"sceneViewState":{"showFog":true,"showMaterialUpdate":true,"showSkybox":false,"showFlares":true,"showImageEffects":true,"showParticleSystems":true},"in2DMode":false,"pivot":{"x":1.9899739027023316,"y":-0.09281885623931885,"z":1.78285813331604},"rotation":{"x":-0.12426973879337311,"y":0.2647767663002014,"z":-0.034428659826517108,"w":-0.955658495426178},"size":3.3595130443573,"orthographic":false}