{"cameraMode":{"drawMode":0,"name":"Shaded","section":"Shading Mode"},"sceneLighting":false,"audioPlay":false,"sceneViewState":{"showFog":true,"showMaterialUpdate":true,"showSkybox":false,"showFlares":true,"showImageEffects":true,"showParticleSystems":true},"in2DMode":false,"pivot":{"x":3.629861831665039,"y":9.059704780578614,"z":-13.957958221435547},"rotation":{"x":-0.18722772598266602,"y":-0.6617439985275269,"z":0.17590545117855073,"w":-0.7043539881706238},"size":1.1109445095062256,"orthographic":false}