{"cameraMode":{"drawMode":0,"name":"Shaded","section":"Shading Mode"},"sceneLighting":false,"audioPlay":false,"sceneViewState":{"showFog":true,"showMaterialUpdate":true,"showSkybox":false,"showFlares":true,"showImageEffects":true,"showParticleSystems":true},"in2DMode":false,"pivot":{"x":0.6764011383056641,"y":-0.011226218193769455,"z":-0.009534090757369995},"rotation":{"x":-0.0026135912630707027,"y":0.9746582508087158,"z":-0.22339297831058503,"w":-0.011403176002204419},"size":1.1125084161758423,"orthographic":false}