{"cameraMode":{"drawMode":0,"name":"Shaded","section":"Shading Mode"},"sceneLighting":false,"audioPlay":false,"sceneViewState":{"showFog":true,"showMaterialUpdate":true,"showSkybox":false,"showFlares":true,"showImageEffects":true,"showParticleSystems":true},"in2DMode":false,"pivot":{"x":0.45647770166397097,"y":-0.28572237491607668,"z":0.35873574018478396},"rotation":{"x":-0.14959226548671723,"y":-0.7309660315513611,"z":0.16984957456588746,"w":-0.6438000202178955},"size":2.444634437561035,"orthographic":false}