{"cameraMode":{"drawMode":0,"name":"Shaded","section":"Shading Mode"},"sceneLighting":false,"audioPlay":false,"sceneViewState":{"showFog":true,"showMaterialUpdate":true,"showSkybox":false,"showFlares":true,"showImageEffects":true,"showParticleSystems":true},"in2DMode":false,"pivot":{"x":1.0486478805541993,"y":2.023554801940918,"z":0.3922135829925537},"rotation":{"x":-0.09018238633871079,"y":0.010738466866314412,"z":-0.000971074914559722,"w":-0.9958750605583191},"size":2.400017261505127,"orthographic":false}