{"cameraMode":{"drawMode":0,"name":"Shaded","section":"Shading Mode"},"sceneLighting":false,"audioPlay":false,"sceneViewState":{"showFog":true,"showMaterialUpdate":true,"showSkybox":false,"showFlares":true,"showImageEffects":true,"showParticleSystems":true},"in2DMode":false,"pivot":{"x":0.20597341656684876,"y":0.13959157466888429,"z":-0.25610587000846865},"rotation":{"x":-0.07201875746250153,"y":-0.4901730418205261,"z":0.040683988481760028,"w":-0.867701530456543},"size":1.9250099658966065,"orthographic":false}