{"cameraMode":{"drawMode":0,"name":"Shaded","section":"Shading Mode"},"sceneLighting":false,"audioPlay":false,"sceneViewState":{"showFog":true,"showMaterialUpdate":true,"showSkybox":false,"showFlares":true,"showImageEffects":true,"showParticleSystems":true},"in2DMode":false,"pivot":{"x":-1.0358786582946778,"y":-2.188025951385498,"z":-3.916792154312134},"rotation":{"x":-0.09996347874403,"y":0.8936147093772888,"z":-0.24761320650577546,"w":-0.36075979471206667},"size":5.407395362854004,"orthographic":false}