{"cameraMode":{"drawMode":0,"name":"Shaded","section":"Shading Mode"},"sceneLighting":false,"audioPlay":false,"sceneViewState":{"showFog":true,"showMaterialUpdate":true,"showSkybox":false,"showFlares":true,"showImageEffects":true,"showParticleSystems":true},"in2DMode":false,"pivot":{"x":1.1816929578781129,"y":-0.1999238133430481,"z":0.03252437338232994},"rotation":{"x":-0.22606797516345979,"y":-0.38825854659080508,"z":0.09885581582784653,"w":-0.8879151940345764},"size":1.5000174045562745,"orthographic":false}