{"cameraMode":{"drawMode":0,"name":"Shaded","section":"Shading Mode"},"sceneLighting":false,"audioPlay":false,"sceneViewState":{"showFog":true,"showMaterialUpdate":true,"showSkybox":false,"showFlares":true,"showImageEffects":true,"showParticleSystems":true},"in2DMode":false,"pivot":{"x":0.12049150466918946,"y":-0.4620474576950073,"z":1.0016810894012452},"rotation":{"x":-0.15765297412872315,"y":-0.7426825761795044,"z":0.1879078894853592,"w":-0.6231175661087036},"size":2.1000173091888429,"orthographic":false}