{"cameraMode":{"drawMode":0,"name":"Shaded","section":"Shading Mode"},"sceneLighting":false,"audioPlay":false,"sceneViewState":{"showFog":true,"showMaterialUpdate":true,"showSkybox":false,"showFlares":true,"showImageEffects":true,"showParticleSystems":true},"in2DMode":false,"pivot":{"x":0.13418130576610566,"y":0.4008375406265259,"z":0.055765409022569659},"rotation":{"x":-0.07671324908733368,"y":-0.02364586666226387,"z":0.001821043435484171,"w":-0.9967799186706543},"size":0.9595121741294861,"orthographic":false}