{"cameraMode":{"drawMode":0,"name":"Shaded","section":"Shading Mode"},"sceneLighting":false,"audioPlay":false,"sceneViewState":{"showFog":true,"showMaterialUpdate":true,"showSkybox":false,"showFlares":true,"showImageEffects":true,"showParticleSystems":true},"in2DMode":false,"pivot":{"x":0.13600000739097596,"y":-0.12800002098083497,"z":0.24900001287460328},"rotation":{"x":-0.12747693061828614,"y":-0.8311828970909119,"z":0.21295131742954255,"w":-0.49755027890205386},"size":0.1633167564868927,"orthographic":false}