{"cameraMode":{"drawMode":0,"name":"Shaded","section":"Shading Mode"},"sceneLighting":false,"audioPlay":false,"sceneViewState":{"showFog":true,"showMaterialUpdate":true,"showSkybox":false,"showFlares":true,"showImageEffects":true,"showParticleSystems":true},"in2DMode":false,"pivot":{"x":0.3101886212825775,"y":0.44273829460144045,"z":-0.5968419909477234},"rotation":{"x":-0.0745546966791153,"y":-0.7837937474250794,"z":0.09594900906085968,"w":-0.6090318560600281},"size":1.8000173568725587,"orthographic":false}