{"cameraMode":{"drawMode":0,"name":"Shaded","section":"Shading Mode"},"sceneLighting":false,"audioPlay":false,"sceneViewState":{"showFog":true,"showMaterialUpdate":true,"showSkybox":false,"showFlares":true,"showImageEffects":true,"showParticleSystems":true},"in2DMode":false,"pivot":{"x":7.064711093902588,"y":1.3200000524520875,"z":-3.7300000190734865},"rotation":{"x":-0.05518317595124245,"y":-0.7526939511299133,"z":0.06360999494791031,"w":-0.6529763340950012},"size":0.9000173807144165,"orthographic":false}