{"cameraMode":{"drawMode":0,"name":"Shaded","section":"Shading Mode"},"sceneLighting":false,"audioPlay":false,"sceneViewState":{"showFog":true,"showMaterialUpdate":true,"showSkybox":false,"showFlares":true,"showImageEffects":true,"showParticleSystems":true},"in2DMode":false,"pivot":{"x":0.09640073776245117,"y":2.5707497596740724,"z":-0.4970932602882385},"rotation":{"x":-0.09018238633871079,"y":0.010738466866314412,"z":-0.000971074914559722,"w":-0.9958750605583191},"size":2.7018203735351564,"orthographic":false}