{"cameraMode":{"drawMode":0,"name":"Shaded","section":"Shading Mode"},"sceneLighting":false,"audioPlay":false,"sceneViewState":{"showFog":true,"showMaterialUpdate":true,"showSkybox":false,"showFlares":true,"showImageEffects":true,"showParticleSystems":true},"in2DMode":false,"pivot":{"x":4.487849712371826,"y":-2.2259926795959474,"z":-3.440459728240967},"rotation":{"x":-0.05082061141729355,"y":-0.9387980103492737,"z":0.15806978940963746,"w":-0.30183935165405276},"size":4.674670219421387,"orthographic":false}