{"cameraMode":{"drawMode":0,"name":"Shaded","section":"Shading Mode"},"sceneLighting":false,"audioPlay":false,"sceneViewState":{"showFog":true,"showMaterialUpdate":true,"showSkybox":false,"showFlares":true,"showImageEffects":true,"showParticleSystems":true},"in2DMode":false,"pivot":{"x":323.9766540527344,"y":1.4390000104904175,"z":317.5576477050781},"rotation":{"x":-0.1983218491077423,"y":-0.660629153251648,"z":0.1873297095298767,"w":-0.6993934512138367},"size":3.3818461894989015,"orthographic":false}