{"cameraMode":{"drawMode":0,"name":"Shaded","section":"Shading Mode"},"sceneLighting":false,"audioPlay":false,"sceneViewState":{"showFog":true,"showMaterialUpdate":true,"showSkybox":false,"showFlares":true,"showImageEffects":true,"showParticleSystems":true},"in2DMode":false,"pivot":{"x":336.5865173339844,"y":1.474229097366333,"z":325.7366027832031},"rotation":{"x":0.00008487536251777783,"y":0.9999130964279175,"z":-0.007809153757989407,"w":0.010801318101584912},"size":1.5217421054840088,"orthographic":false}