{"cameraMode":{"drawMode":0,"name":"Shaded","section":"Shading Mode"},"sceneLighting":false,"audioPlay":false,"sceneViewState":{"showFog":true,"showMaterialUpdate":true,"showSkybox":false,"showFlares":true,"showImageEffects":true,"showParticleSystems":true},"in2DMode":false,"pivot":{"x":0.7758070826530457,"y":-1.3415815830230713,"z":-0.13579025864601136},"rotation":{"x":-0.3909513056278229,"y":-0.05078320577740669,"z":0.021611090749502183,"w":-0.9187647104263306},"size":2.5049984455108644,"orthographic":false}