{"cameraMode":{"drawMode":0,"name":"Shaded","section":"Shading Mode"},"sceneLighting":false,"audioPlay":false,"sceneViewState":{"showFog":true,"showMaterialUpdate":true,"showSkybox":false,"showFlares":true,"showImageEffects":true,"showParticleSystems":true},"in2DMode":false,"pivot":{"x":0.6795567274093628,"y":0.5297477841377258,"z":0.8239696025848389},"rotation":{"x":-0.07649160921573639,"y":-0.20901022851467133,"z":0.01640145853161812,"w":-0.9747880697250366},"size":1.2532029151916505,"orthographic":false}