{"cameraMode":{"drawMode":0,"name":"Shaded","section":"Shading Mode"},"sceneLighting":false,"audioPlay":false,"sceneViewState":{"showFog":true,"showMaterialUpdate":true,"showSkybox":false,"showFlares":true,"showImageEffects":true,"showParticleSystems":true},"in2DMode":false,"pivot":{"x":0.0,"y":1.6819994449615479,"z":4.76837158203125e-7},"rotation":{"x":-0.09018238633871079,"y":0.010738466866314412,"z":-0.000971074914559722,"w":-0.9958750605583191},"size":3.3968751430511476,"orthographic":false}