{"cameraMode":{"drawMode":0,"name":"Shaded","section":"Shading Mode"},"sceneLighting":false,"audioPlay":false,"sceneViewState":{"showFog":true,"showMaterialUpdate":true,"showSkybox":false,"showFlares":true,"showImageEffects":true,"showParticleSystems":true},"in2DMode":false,"pivot":{"x":5.381708145141602,"y":2.5070390701293947,"z":-1.527501106262207},"rotation":{"x":-0.17316120862960816,"y":-0.7336006164550781,"z":0.20327654480934144,"w":-0.624932587146759},"size":13.236254692077637,"orthographic":false}