{"cameraMode":{"drawMode":0,"name":"Shaded","section":"Shading Mode"},"sceneLighting":false,"audioPlay":false,"sceneViewState":{"showFog":true,"showMaterialUpdate":true,"showSkybox":false,"showFlares":true,"showImageEffects":true,"showParticleSystems":true},"in2DMode":false,"pivot":{"x":0.0,"y":0.020000040531158448,"z":-0.003924012184143066},"rotation":{"x":-0.18722772598266602,"y":-0.6617439985275269,"z":0.17590545117855073,"w":-0.7043539881706238},"size":1.2436591386795045,"orthographic":false}