{"cameraMode":{"drawMode":0,"name":"Shaded","section":"Shading Mode"},"sceneLighting":false,"audioPlay":false,"sceneViewState":{"showFog":true,"showMaterialUpdate":true,"showSkybox":false,"showFlares":true,"showImageEffects":true,"showParticleSystems":true},"in2DMode":false,"pivot":{"x":0.0000059604644775390628,"y":0.8543208837509155,"z":-0.043670654296875},"rotation":{"x":-0.09018238633871079,"y":0.010738466866314412,"z":-0.000971074914559722,"w":-0.9958750605583191},"size":3.728942394256592,"orthographic":false}