{"cameraMode":{"drawMode":0,"name":"Shaded","section":"Shading Mode"},"sceneLighting":false,"audioPlay":false,"sceneViewState":{"showFog":true,"showMaterialUpdate":true,"showSkybox":false,"showFlares":true,"showImageEffects":true,"showParticleSystems":true},"in2DMode":false,"pivot":{"x":-0.8143877983093262,"y":0.23483562469482423,"z":0.25339460372924807},"rotation":{"x":-0.36920055747032168,"y":0.02674410305917263,"z":-0.010627683252096177,"w":-0.9289134740829468},"size":3.44331693649292,"orthographic":false}