{"cameraMode":{"drawMode":0,"name":"Shaded","section":"Shading Mode"},"sceneLighting":false,"audioPlay":false,"sceneViewState":{"showFog":true,"showMaterialUpdate":true,"showSkybox":false,"showFlares":true,"showImageEffects":true,"showParticleSystems":true},"in2DMode":false,"pivot":{"x":0.38960838317871096,"y":-0.4415401220321655,"z":0.01342310756444931},"rotation":{"x":-0.19785797595977784,"y":-0.6511145830154419,"z":0.1814727634191513,"w":-0.7099205255508423},"size":3.0743908882141115,"orthographic":false}