{"cameraMode":{"drawMode":0,"name":"Shaded","section":"Shading Mode"},"sceneLighting":false,"audioPlay":false,"sceneViewState":{"showFog":true,"showMaterialUpdate":true,"showSkybox":false,"showFlares":true,"showImageEffects":true,"showParticleSystems":true},"in2DMode":false,"pivot":{"x":0.3174225687980652,"y":0.5890759825706482,"z":-0.1916912943124771},"rotation":{"x":-0.04130851849913597,"y":-0.7268999218940735,"z":0.043892018496990207,"w":-0.684105396270752},"size":0.9000174403190613,"orthographic":false}