{"cameraMode":{"drawMode":0,"name":"Shaded","section":"Shading Mode"},"sceneLighting":false,"audioPlay":false,"sceneViewState":{"showFog":true,"showMaterialUpdate":true,"showSkybox":false,"showFlares":true,"showImageEffects":true,"showParticleSystems":true},"in2DMode":false,"pivot":{"x":2.746407985687256,"y":-0.9592169523239136,"z":-0.6015225648880005},"rotation":{"x":-0.03183729946613312,"y":-0.9614763855934143,"z":0.12649297714233399,"w":-0.2420039027929306},"size":5.900742530822754,"orthographic":false}