{"cameraMode":{"drawMode":0,"name":"Shaded","section":"Shading Mode"},"sceneLighting":false,"audioPlay":false,"sceneViewState":{"showFog":true,"showMaterialUpdate":true,"showSkybox":false,"showFlares":true,"showImageEffects":true,"showParticleSystems":true},"in2DMode":false,"pivot":{"x":0.35601821541786196,"y":-0.22175340354442597,"z":-0.9517886638641357},"rotation":{"x":-0.09167706221342087,"y":-0.8409210443496704,"z":0.15068663656711579,"w":-0.511622428894043},"size":3.5159664154052736,"orthographic":false}