{"cameraMode":{"drawMode":0,"name":"Shaded","section":"Shading Mode"},"sceneLighting":false,"audioPlay":false,"sceneViewState":{"showFog":true,"showMaterialUpdate":true,"showSkybox":false,"showFlares":true,"showImageEffects":true,"showParticleSystems":true},"in2DMode":false,"pivot":{"x":0.11097020655870438,"y":0.0481981486082077,"z":-0.7332395315170288},"rotation":{"x":-0.07515233010053635,"y":-0.852488100528717,"z":0.12780378758907319,"w":-0.5012965202331543},"size":1.3604106903076172,"orthographic":false}