{"cameraMode":{"drawMode":0,"name":"Shaded","section":"Shading Mode"},"sceneLighting":false,"audioPlay":false,"sceneViewState":{"showFog":true,"showMaterialUpdate":true,"showSkybox":false,"showFlares":true,"showImageEffects":true,"showParticleSystems":true},"in2DMode":false,"pivot":{"x":10.503850936889649,"y":6.340000152587891,"z":-13.716124534606934},"rotation":{"x":-0.18722772598266602,"y":-0.6617439985275269,"z":0.17590545117855073,"w":-0.7043539881706238},"size":1.844634771347046,"orthographic":false}