{"cameraMode":{"drawMode":0,"name":"Shaded","section":"Shading Mode"},"sceneLighting":false,"audioPlay":false,"sceneViewState":{"showFog":true,"showMaterialUpdate":true,"showSkybox":false,"showFlares":true,"showImageEffects":true,"showParticleSystems":true},"in2DMode":false,"pivot":{"x":1.3814759254455567,"y":3.5910792350769045,"z":-14.586856842041016},"rotation":{"x":-0.23853811621665955,"y":-0.736648440361023,"z":0.5442574620246887,"w":-0.32287538051605227},"size":3.3000168800354006,"orthographic":false}