{"cameraMode":{"drawMode":0,"name":"Shaded","section":"Shading Mode"},"sceneLighting":false,"audioPlay":false,"sceneViewState":{"showFog":true,"showMaterialUpdate":true,"showSkybox":false,"showFlares":true,"showImageEffects":true,"showParticleSystems":true},"in2DMode":false,"pivot":{"x":-0.3858456611633301,"y":-0.8159475922584534,"z":-1.3103989362716675},"rotation":{"x":-0.18722772598266602,"y":-0.6617439985275269,"z":0.17590545117855073,"w":-0.7043539881706238},"size":3.900017023086548,"orthographic":false}