{"cameraMode":{"drawMode":0,"name":"Shaded","section":"Shading Mode"},"sceneLighting":false,"audioPlay":false,"sceneViewState":{"showFog":true,"showMaterialUpdate":true,"showSkybox":false,"showFlares":true,"showImageEffects":true,"showParticleSystems":true},"in2DMode":false,"pivot":{"x":-0.774993896484375,"y":1.6453251838684083,"z":12.0538330078125},"rotation":{"x":0.004805876407772303,"y":0.8935642242431641,"z":-0.4489738941192627,"w":0.009315939620137215},"size":1.4314764738082886,"orthographic":false}