{"cameraMode":{"drawMode":0,"name":"Shaded","section":"Shading Mode"},"sceneLighting":false,"audioPlay":false,"sceneViewState":{"showFog":true,"showMaterialUpdate":true,"showSkybox":false,"showFlares":true,"showImageEffects":true,"showParticleSystems":true},"in2DMode":false,"pivot":{"x":331.6985168457031,"y":0.12542739510536195,"z":324.6513977050781},"rotation":{"x":-0.0026664657052606346,"y":0.9933668375015259,"z":-0.1125391498208046,"w":-0.02354566566646099},"size":0.977761447429657,"orthographic":false}