{"cameraMode":{"drawMode":0,"name":"Shaded","section":"Shading Mode"},"sceneLighting":false,"audioPlay":false,"sceneViewState":{"showFog":true,"showMaterialUpdate":true,"showSkybox":false,"showFlares":true,"showImageEffects":true,"showParticleSystems":true},"in2DMode":false,"pivot":{"x":0.6837366819381714,"y":-0.5461621284484863,"z":-0.017211806029081346},"rotation":{"x":-0.18207010626792909,"y":-0.685372531414032,"z":0.18328757584095,"w":-0.6808367967605591},"size":3.0000171661376955,"orthographic":false}