{"cameraMode":{"drawMode":0,"name":"Shaded","section":"Shading Mode"},"sceneLighting":false,"audioPlay":false,"sceneViewState":{"showFog":true,"showMaterialUpdate":true,"showSkybox":false,"showFlares":true,"showImageEffects":true,"showParticleSystems":true},"in2DMode":false,"pivot":{"x":6.167913913726807,"y":0.37999987602233889,"z":-3.158550262451172},"rotation":{"x":-0.3186568021774292,"y":0.0016897863242775202,"z":-0.0005660877213813365,"w":-0.9478777647018433},"size":6.148780345916748,"orthographic":false}