{"cameraMode":{"drawMode":0,"name":"Shaded","section":"Shading Mode"},"sceneLighting":false,"audioPlay":false,"sceneViewState":{"showFog":true,"showMaterialUpdate":true,"showSkybox":false,"showFlares":true,"showImageEffects":true,"showParticleSystems":true},"in2DMode":false,"pivot":{"x":-0.05261886119842529,"y":-0.18334195017814637,"z":0.274740993976593},"rotation":{"x":-0.10569509863853455,"y":-0.6359609365463257,"z":0.08852540701627732,"w":-0.7593168020248413},"size":1.8000173568725587,"orthographic":false}