{"cameraMode":{"drawMode":0,"name":"Shaded","section":"Shading Mode"},"sceneLighting":false,"audioPlay":false,"sceneViewState":{"showFog":true,"showMaterialUpdate":true,"showSkybox":false,"showFlares":true,"showImageEffects":true,"showParticleSystems":true},"in2DMode":false,"pivot":{"x":0.14820098876953126,"y":0.7409974932670593,"z":1.63645339012146},"rotation":{"x":-0.10837877541780472,"y":-0.7091101408004761,"z":0.11175321042537689,"w":-0.6877098083496094},"size":2.2011284828186037,"orthographic":false}