{"cameraMode":{"drawMode":0,"name":"Shaded","section":"Shading Mode"},"sceneLighting":false,"audioPlay":false,"sceneViewState":{"showFog":true,"showMaterialUpdate":true,"showSkybox":false,"showFlares":true,"showImageEffects":true,"showParticleSystems":true},"in2DMode":false,"pivot":{"x":340.7716979980469,"y":1.4340934753417969,"z":357.369873046875},"rotation":{"x":-0.2199372798204422,"y":-0.6702306270599365,"z":0.2186240255832672,"w":-0.6742579936981201},"size":2.400010585784912,"orthographic":false}