{"cameraMode":{"drawMode":0,"name":"Shaded","section":"Shading Mode"},"sceneLighting":false,"audioPlay":false,"sceneViewState":{"showFog":true,"showMaterialUpdate":true,"showSkybox":false,"showFlares":true,"showImageEffects":true,"showParticleSystems":true},"in2DMode":false,"pivot":{"x":1.9532709121704102,"y":0.9597126841545105,"z":2.145270824432373},"rotation":{"x":-0.1387023627758026,"y":0.3236062824726105,"z":-0.04801693186163902,"w":-0.9347467422485352},"size":3.3000171184539797,"orthographic":false}