{"cameraMode":{"drawMode":0,"name":"Shaded","section":"Shading Mode"},"sceneLighting":false,"audioPlay":false,"sceneViewState":{"showFog":true,"showMaterialUpdate":true,"showSkybox":false,"showFlares":true,"showImageEffects":true,"showParticleSystems":true},"in2DMode":false,"pivot":{"x":325.4231872558594,"y":2.400951385498047,"z":303.88092041015627},"rotation":{"x":0.2510083317756653,"y":-0.025527348741889,"z":0.0066291047260165218,"w":0.9676377177238464},"size":2.082798957824707,"orthographic":false}