{"cameraMode":{"drawMode":0,"name":"Shaded","section":"Shading Mode"},"sceneLighting":false,"audioPlay":false,"sceneViewState":{"showFog":true,"showMaterialUpdate":true,"showSkybox":false,"showFlares":true,"showImageEffects":true,"showParticleSystems":true},"in2DMode":false,"pivot":{"x":1.6449999809265137,"y":4.442999839782715,"z":-6.925000190734863},"rotation":{"x":-0.18722772598266602,"y":-0.6617439985275269,"z":0.17590545117855073,"w":-0.7043539881706238},"size":8.390599250793457,"orthographic":false}