{"cameraMode":{"drawMode":0,"name":"Shaded","section":"Shading Mode"},"sceneLighting":true,"audioPlay":false,"sceneViewState":{"showFog":true,"showMaterialUpdate":true,"showSkybox":true,"showFlares":true,"showImageEffects":true,"showParticleSystems":true},"in2DMode":false,"pivot":{"x":155.82113647460938,"y":58.53019714355469,"z":41.99713134765625},"rotation":{"x":0.01550741121172905,"y":0.9295668601989746,"z":-0.039351947605609897,"w":0.36622586846351626},"size":698.406494140625,"orthographic":false}