{"cameraMode":{"drawMode":0,"name":"Shaded","section":"Shading Mode"},"sceneLighting":false,"audioPlay":false,"sceneViewState":{"showFog":true,"showMaterialUpdate":true,"showSkybox":false,"showFlares":true,"showImageEffects":true,"showParticleSystems":true},"in2DMode":false,"pivot":{"x":0.28055518865585329,"y":-0.21757113933563233,"z":0.3154066801071167},"rotation":{"x":-0.1591620147228241,"y":-0.7005577683448792,"z":0.1649986207485199,"w":-0.6757739782333374},"size":0.5355445742607117,"orthographic":false}