{"cameraMode":{"drawMode":0,"name":"Shaded","section":"Shading Mode"},"sceneLighting":false,"audioPlay":false,"sceneViewState":{"showFog":true,"showMaterialUpdate":true,"showSkybox":false,"showFlares":true,"showImageEffects":true,"showParticleSystems":true},"in2DMode":false,"pivot":{"x":0.6973446011543274,"y":-0.6741880178451538,"z":0.9046666026115418},"rotation":{"x":-0.30569708347320559,"y":-0.028289414942264558,"z":0.009089533239603043,"w":-0.9516740441322327},"size":3.44331693649292,"orthographic":false}