{"cameraMode":{"drawMode":0,"name":"Shaded","section":"Shading Mode"},"sceneLighting":false,"audioPlay":false,"sceneViewState":{"showFog":true,"showMaterialUpdate":true,"showSkybox":false,"showFlares":true,"showImageEffects":true,"showParticleSystems":true},"in2DMode":false,"pivot":{"x":0.3922903537750244,"y":-0.06698352098464966,"z":0.013401981443166733},"rotation":{"x":-0.09167706221342087,"y":-0.8409210443496704,"z":0.15068663656711579,"w":-0.511622428894043},"size":0.9339631795883179,"orthographic":false}