{"cameraMode":{"drawMode":0,"name":"Shaded","section":"Shading Mode"},"sceneLighting":false,"audioPlay":false,"sceneViewState":{"showFog":true,"showMaterialUpdate":true,"showSkybox":false,"showFlares":true,"showImageEffects":true,"showParticleSystems":true},"in2DMode":false,"pivot":{"x":0.05433797836303711,"y":0.26840487122535708,"z":-0.0547407865524292},"rotation":{"x":-0.04629819095134735,"y":-0.8546929359436035,"z":0.07739704847335816,"w":-0.5112570524215698},"size":2.9007415771484377,"orthographic":false}