{"cameraMode":{"drawMode":0,"name":"Shaded","section":"Shading Mode"},"sceneLighting":false,"audioPlay":false,"sceneViewState":{"showFog":true,"showMaterialUpdate":true,"showSkybox":false,"showFlares":true,"showImageEffects":true,"showParticleSystems":true},"in2DMode":false,"pivot":{"x":0.026364078745245935,"y":0.1737377643585205,"z":0.12213592976331711},"rotation":{"x":-0.09167706221342087,"y":-0.8409210443496704,"z":0.15068663656711579,"w":-0.511622428894043},"size":0.31681281328201296,"orthographic":false}