{"cameraMode":{"drawMode":0,"name":"Shaded","section":"Shading Mode"},"sceneLighting":false,"audioPlay":false,"sceneViewState":{"showFog":true,"showMaterialUpdate":true,"showSkybox":false,"showFlares":true,"showImageEffects":true,"showParticleSystems":true},"in2DMode":false,"pivot":{"x":2.8260083198547365,"y":-2.748892307281494,"z":-1.2105263471603394},"rotation":{"x":-0.0653405711054802,"y":-0.8445606231689453,"z":0.10596030205488205,"w":-0.5208051204681397},"size":5.448075294494629,"orthographic":false}