{"cameraMode":{"drawMode":0,"name":"Shaded","section":"Shading Mode"},"sceneLighting":false,"audioPlay":false,"sceneViewState":{"showFog":true,"showMaterialUpdate":true,"showSkybox":false,"showFlares":true,"showImageEffects":true,"showParticleSystems":true},"in2DMode":false,"pivot":{"x":0.16560253500938416,"y":-0.027669353410601617,"z":0.06066231429576874},"rotation":{"x":-0.06694208085536957,"y":-0.692554771900177,"z":0.06481029838323593,"w":-0.7153351902961731},"size":1.2000174522399903,"orthographic":false}