{"cameraMode":{"drawMode":0,"name":"Shaded","section":"Shading Mode"},"sceneLighting":false,"audioPlay":false,"sceneViewState":{"showFog":true,"showMaterialUpdate":true,"showSkybox":false,"showFlares":true,"showImageEffects":true,"showParticleSystems":true},"in2DMode":false,"pivot":{"x":-0.3002473711967468,"y":-1.1145641803741456,"z":0.025629445910453798},"rotation":{"x":-0.3363499939441681,"y":-0.5778520107269287,"z":0.2825756371021271,"w":-0.6878404021263123},"size":3.6000170707702638,"orthographic":false}