{"cameraMode":{"drawMode":0,"name":"Shaded","section":"Shading Mode"},"sceneLighting":false,"audioPlay":false,"sceneViewState":{"showFog":true,"showMaterialUpdate":true,"showSkybox":false,"showFlares":true,"showImageEffects":true,"showParticleSystems":true},"in2DMode":false,"pivot":{"x":-0.012374518439173699,"y":0.4283990263938904,"z":-0.3689759075641632},"rotation":{"x":-0.09167706221342087,"y":-0.8409210443496704,"z":0.15068663656711579,"w":-0.511622428894043},"size":2.1000173091888429,"orthographic":false}