{"cameraMode":{"drawMode":0,"name":"Shaded","section":"Shading Mode"},"sceneLighting":false,"audioPlay":false,"sceneViewState":{"showFog":true,"showMaterialUpdate":true,"showSkybox":false,"showFlares":true,"showImageEffects":true,"showParticleSystems":true},"in2DMode":false,"pivot":{"x":-0.2620452046394348,"y":-0.3049604296684265,"z":-0.46650105714797976},"rotation":{"x":-0.0026135912630707027,"y":0.9746582508087158,"z":-0.22339297831058503,"w":-0.011403176002204419},"size":0.7988378405570984,"orthographic":false}