{"cameraMode":{"drawMode":0,"name":"Shaded","section":"Shading Mode"},"sceneLighting":false,"audioPlay":false,"sceneViewState":{"showFog":true,"showMaterialUpdate":true,"showSkybox":false,"showFlares":true,"showImageEffects":true,"showParticleSystems":true},"in2DMode":false,"pivot":{"x":339.3834533691406,"y":2.4338974952697756,"z":305.16790771484377},"rotation":{"x":-0.26254701614379885,"y":-0.6557328104972839,"z":0.2617635428905487,"w":-0.6576969623565674},"size":1.9728201627731324,"orthographic":false}