{"cameraMode":{"drawMode":0,"name":"Shaded","section":"Shading Mode"},"sceneLighting":false,"audioPlay":false,"sceneViewState":{"showFog":true,"showMaterialUpdate":true,"showSkybox":false,"showFlares":true,"showImageEffects":true,"showParticleSystems":true},"in2DMode":false,"pivot":{"x":6.1149001121521,"y":-0.4453081786632538,"z":3.022876262664795},"rotation":{"x":-0.3186568021774292,"y":0.0016897863242775202,"z":-0.0005660877213813365,"w":-0.9478777647018433},"size":2.548779249191284,"orthographic":false}