{"cameraMode":{"drawMode":0,"name":"Shaded","section":"Shading Mode"},"sceneLighting":false,"audioPlay":false,"sceneViewState":{"showFog":true,"showMaterialUpdate":true,"showSkybox":false,"showFlares":true,"showImageEffects":true,"showParticleSystems":true},"in2DMode":false,"pivot":{"x":7.847723960876465,"y":3.126845121383667,"z":-14.608003616333008},"rotation":{"x":-0.017313800752162935,"y":-0.8203772902488709,"z":0.024872450157999994,"w":-0.5710334777832031},"size":4.739659786224365,"orthographic":false}